{"nm":"Icon_08","ddd":0,"h":3840,"w":3840,"meta":{"g":"@lottiefiles/toolkit-js 0.33.2"},"layers":[{"ty":0,"nm":"Pill_Icon","sr":-1,"st":180,"op":89.99,"ip":179.99,"hd":false,"ddd":0,"bm":0,"hasMask":false,"ao":0,"ks":{"a":{"a":0,"k":[1920,1920,0],"ix":1},"s":{"a":0,"k":[100,100,100],"ix":6},"sk":{"a":0,"k":0},"p":{"a":0,"k":[1920,1920,0],"ix":2},"r":{"a":0,"k":0,"ix":10},"sa":{"a":0,"k":0},"o":{"a":0,"k":100,"ix":11}},"ef":[],"w":3840,"h":3840,"refId":"comp_0","ind":1},{"ty":0,"nm":"Pill_Icon","sr":1,"st":0,"op":90,"ip":0,"hd":false,"ddd":0,"bm":0,"hasMask":false,"ao":0,"ks":{"a":{"a":0,"k":[1920,1920,0],"ix":1},"s":{"a":0,"k":[100,100,100],"ix":6},"sk":{"a":0,"k":0},"p":{"a":0,"k":[1920,1920,0],"ix":2},"r":{"a":0,"k":0,"ix":10},"sa":{"a":0,"k":0},"o":{"a":0,"k":100,"ix":11}},"ef":[],"w":3840,"h":3840,"refId":"comp_0","ind":2}],"v":"5.7.8","fr":30,"op":63,"ip":0,"assets":[{"nm":"","id":"comp_0","layers":[{"ty":4,"nm":"Pill","sr":1,"st":1,"op":181,"ip":1,"hd":false,"ddd":0,"bm":0,"hasMask":false,"ao":0,"ks":{"a":{"a":0,"k":[1920,1920,0],"ix":1},"s":{"a":1,"k":[{"o":{"x":0.167,"y":0.167},"i":{"x":0.3,"y":1},"s":[0,0,100],"t":1},{"o":{"x":0.167,"y":0.167},"i":{"x":0.3,"y":1},"s":[110,110,100],"t":41},{"s":[100,100,100],"t":61}],"ix":6},"sk":{"a":0,"k":0},"p":{"a":0,"k":[1920,1920,0],"ix":2},"r":{"a":1,"k":[{"o":{"x":0.167,"y":0.167},"i":{"x":0.3,"y":1},"s":[-45],"t":1},{"o":{"x":0.167,"y":0.167},"i":{"x":0.3,"y":1},"s":[5],"t":41},{"s":[0],"t":61}],"ix":10},"sa":{"a":0,"k":0},"o":{"a":0,"k":100,"ix":11}},"ef":[],"shapes":[{"ty":"gr","bm":0,"hd":false,"mn":"ADBE Vector Group","nm":"Group 1","ix":1,"cix":2,"np":2,"it":[{"ty":"sh","bm":0,"hd":false,"mn":"ADBE Vector Shape - Group","nm":"Path 1","ix":1,"d":1,"ks":{"a":0,"k":{"c":true,"i":[[-0.061,-26.958],[26.957,-0.061],[0.06,26.958],[-26.957,0.06]],"o":[[0.061,26.958],[-26.958,0.06],[-0.061,-26.957],[26.958,-0.061]],"v":[[48.811,-0.11],[0.11,48.811],[-48.811,0.109],[-0.11,-48.811]]},"ix":2}},{"ty":"fl","bm":0,"hd":false,"mn":"ADBE Vector Graphic - Fill","nm":"Fill 1","c":{"a":1,"k":[{"o":{"x":0.167,"y":0.167},"i":{"x":0.833,"y":0.833},"s":[0.1647,0.1647,0.1647],"t":0},{"s":[0.1647,0.1647,0.1647],"t":62}]},"r":1,"o":{"a":0,"k":100,"ix":5}},{"ty":"tr","a":{"a":0,"k":[0,0],"ix":1},"s":{"a":1,"k":[{"o":{"x":0.167,"y":0.167},"i":{"x":0.3,"y":1},"s":[0,0],"t":6},{"s":[100,100],"t":31}],"ix":3},"sk":{"a":0,"k":0,"ix":4},"p":{"a":1,"k":[{"o":{"x":0.167,"y":0.167},"i":{"x":0.3,"y":1},"s":[2160.197,2894.051],"t":6,"ti":[0,-65.5],"to":[0,65.5]},{"s":[2160.197,3287.051],"t":31}],"ix":2},"r":{"a":0,"k":0,"ix":6},"sa":{"a":0,"k":0,"ix":5},"o":{"a":0,"k":100,"ix":7}}]},{"ty":"gr","bm":0,"hd":false,"mn":"ADBE Vector Group","nm":"Group 2","ix":2,"cix":2,"np":2,"it":[{"ty":"sh","bm":0,"hd":false,"mn":"ADBE Vector Shape - Group","nm":"Path 1","ix":1,"d":1,"ks":{"a":0,"k":{"c":true,"i":[[-0.025,-10.98],[10.98,-0.024],[0.024,10.981],[-10.98,0.025]],"o":[[0.025,10.98],[-10.98,0.025],[-0.025,-10.98],[10.98,-0.025]],"v":[[19.882,-0.045],[0.044,19.882],[-19.882,0.044],[-0.044,-19.882]]},"ix":2}},{"ty":"fl","bm":0,"hd":false,"mn":"ADBE Vector Graphic - Fill","nm":"Fill 1","c":{"a":1,"k":[{"o":{"x":0.167,"y":0.167},"i":{"x":0.833,"y":0.833},"s":[0.2471,0.6941,0.4353],"t":0},{"s":[0.2471,0.6941,0.4353],"t":62}]},"r":1,"o":{"a":0,"k":100,"ix":5}},{"ty":"tr","a":{"a":0,"k":[0,0],"ix":1},"s":{"a":1,"k":[{"o":{"x":0.167,"y":0.167},"i":{"x":0.3,"y":1},"s":[0,0],"t":11},{"s":[100,100],"t":36}],"ix":3},"sk":{"a":0,"k":0,"ix":4},"p":{"a":1,"k":[{"o":{"x":0.167,"y":0.167},"i":{"x":0.3,"y":1},"s":[2377.319,2466.547],"t":11,"ti":[0,-65.5],"to":[0,65.5]},{"s":[2377.319,2859.547],"t":36}],"ix":2},"r":{"a":0,"k":0,"ix":6},"sa":{"a":0,"k":0,"ix":5},"o":{"a":0,"k":100,"ix":7}}]},{"ty":"gr","bm":0,"hd":false,"mn":"ADBE Vector Group","nm":"Group 3","ix":3,"cix":2,"np":2,"it":[{"ty":"sh","bm":0,"hd":false,"mn":"ADBE Vector Shape - Group","nm":"Path 1","ix":1,"d":1,"ks":{"a":0,"k":{"c":true,"i":[[-0.059,-26.353],[26.352,-0.059],[0.059,26.352],[-26.353,0.059]],"o":[[0.059,26.353],[-26.353,0.059],[-0.059,-26.353],[26.353,-0.06]],"v":[[47.716,-0.107],[0.107,47.716],[-47.716,0.108],[-0.108,-47.715]]},"ix":2}},{"ty":"fl","bm":0,"hd":false,"mn":"ADBE Vector Graphic - Fill","nm":"Fill 1","c":{"a":1,"k":[{"o":{"x":0.167,"y":0.167},"i":{"x":0.833,"y":0.833},"s":[0.1647,0.1647,0.1647],"t":0},{"s":[0.1647,0.1647,0.1647],"t":62}]},"r":1,"o":{"a":0,"k":100,"ix":5}},{"ty":"tr","a":{"a":0,"k":[0,0],"ix":1},"s":{"a":1,"k":[{"o":{"x":0.167,"y":0.167},"i":{"x":0.3,"y":1},"s":[0,0],"t":16},{"s":[100,100],"t":41}],"ix":3},"sk":{"a":0,"k":0,"ix":4},"p":{"a":1,"k":[{"o":{"x":0.167,"y":0.167},"i":{"x":0.3,"y":1},"s":[2376.987,2319.181],"t":16,"ti":[0,-65.5],"to":[0,65.5]},{"s":[2376.987,2712.181],"t":41}],"ix":2},"r":{"a":0,"k":0,"ix":6},"sa":{"a":0,"k":0,"ix":5},"o":{"a":0,"k":100,"ix":7}}]},{"ty":"gr","bm":0,"hd":false,"mn":"ADBE Vector Group","nm":"Group 4","ix":4,"cix":2,"np":2,"it":[{"ty":"sh","bm":0,"hd":false,"mn":"ADBE Vector Shape - Group","nm":"Path 1","ix":1,"d":1,"ks":{"a":0,"k":{"c":true,"i":[[-0.033,-14.643],[14.644,-0.033],[0.033,14.644],[-14.644,0.033]],"o":[[0.033,14.644],[-14.643,0.033],[-0.033,-14.643],[14.643,-0.033]],"v":[[26.515,-0.06],[0.06,26.514],[-26.514,0.06],[-0.06,-26.515]]},"ix":2}},{"ty":"fl","bm":0,"hd":false,"mn":"ADBE Vector Graphic - Fill","nm":"Fill 1","c":{"a":1,"k":[{"o":{"x":0.167,"y":0.167},"i":{"x":0.833,"y":0.833},"s":[0.2471,0.6941,0.4353],"t":0},{"s":[0.2471,0.6941,0.4353],"t":62}]},"r":1,"o":{"a":0,"k":100,"ix":5}},{"ty":"tr","a":{"a":0,"k":[0,0],"ix":1},"s":{"a":1,"k":[{"o":{"x":0.167,"y":0.167},"i":{"x":0.3,"y":1},"s":[0,0],"t":11},{"s":[100,100],"t":36}],"ix":3},"sk":{"a":0,"k":0,"ix":4},"p":{"a":1,"k":[{"o":{"x":0.167,"y":0.167},"i":{"x":0.3,"y":1},"s":[2204.885,2775.509],"t":11,"ti":[0,-65.5],"to":[0,65.5]},{"s":[2204.885,3168.509],"t":36}],"ix":2},"r":{"a":0,"k":0,"ix":6},"sa":{"a":0,"k":0,"ix":5},"o":{"a":0,"k":100,"ix":7}}]},{"ty":"gr","bm":0,"hd":false,"mn":"ADBE Vector Group","nm":"Group 5","ix":5,"cix":2,"np":2,"it":[{"ty":"sh","bm":0,"hd":false,"mn":"ADBE Vector Shape - Group","nm":"Path 1","ix":1,"d":1,"ks":{"a":0,"k":{"c":true,"i":[[-0.03,-13.176],[13.176,-0.029],[0.03,13.177],[-13.177,0.029]],"o":[[0.03,13.176],[-13.176,0.03],[-0.029,-13.176],[13.176,-0.03]],"v":[[23.858,-0.054],[0.053,23.857],[-23.858,0.053],[-0.053,-23.858]]},"ix":2}},{"ty":"fl","bm":0,"hd":false,"mn":"ADBE Vector Graphic - Fill","nm":"Fill 1","c":{"a":1,"k":[{"o":{"x":0.167,"y":0.167},"i":{"x":0.833,"y":0.833},"s":[0.1647,0.1647,0.1647],"t":0},{"s":[0.1647,0.1647,0.1647],"t":62}]},"r":1,"o":{"a":0,"k":100,"ix":5}},{"ty":"tr","a":{"a":0,"k":[0,0],"ix":1},"s":{"a":1,"k":[{"o":{"x":0.167,"y":0.167},"i":{"x":0.3,"y":1},"s":[0,0],"t":26},{"s":[100,100],"t":51}],"ix":3},"sk":{"a":0,"k":0,"ix":4},"p":{"a":1,"k":[{"o":{"x":0.167,"y":0.167},"i":{"x":0.3,"y":1},"s":[2168.882,2681.478],"t":26,"ti":[0,-65.5],"to":[0,65.5]},{"s":[2168.882,3074.478],"t":51}],"ix":2},"r":{"a":0,"k":0,"ix":6},"sa":{"a":0,"k":0,"ix":5},"o":{"a":0,"k":100,"ix":7}}]},{"ty":"gr","bm":0,"hd":false,"mn":"ADBE Vector Group","nm":"Group 6","ix":6,"cix":2,"np":2,"it":[{"ty":"sh","bm":0,"hd":false,"mn":"ADBE Vector Shape - Group","nm":"Path 1","ix":1,"d":1,"ks":{"a":0,"k":{"c":true,"i":[[-0.025,-10.98],[10.98,-0.024],[0.024,10.981],[-10.981,0.025]],"o":[[0.025,10.98],[-10.98,0.025],[-0.025,-10.98],[10.98,-0.025]],"v":[[19.882,-0.044],[0.045,19.882],[-19.881,0.044],[-0.044,-19.881]]},"ix":2}},{"ty":"fl","bm":0,"hd":false,"mn":"ADBE Vector Graphic - Fill","nm":"Fill 1","c":{"a":1,"k":[{"o":{"x":0.167,"y":0.167},"i":{"x":0.833,"y":0.833},"s":[0.2471,0.6941,0.4353],"t":0},{"s":[0.2471,0.6941,0.4353],"t":62}]},"r":1,"o":{"a":0,"k":100,"ix":5}},{"ty":"tr","a":{"a":0,"k":[0,0],"ix":1},"s":{"a":1,"k":[{"o":{"x":0.167,"y":0.167},"i":{"x":0.3,"y":1},"s":[0,0],"t":31},{"s":[100,100],"t":56}],"ix":3},"sk":{"a":0,"k":0,"ix":4},"p":{"a":1,"k":[{"o":{"x":0.167,"y":0.167},"i":{"x":0.3,"y":1},"s":[1531.503,2818.105],"t":31,"ti":[0,-65.5],"to":[0,65.5]},{"s":[1531.503,3211.105],"t":56}],"ix":2},"r":{"a":0,"k":0,"ix":6},"sa":{"a":0,"k":0,"ix":5},"o":{"a":0,"k":100,"ix":7}}]},{"ty":"gr","bm":0,"hd":false,"mn":"ADBE Vector Group","nm":"Group 7","ix":7,"cix":2,"np":2,"it":[{"ty":"sh","bm":0,"hd":false,"mn":"ADBE Vector Shape - Group","nm":"Path 1","ix":1,"d":1,"ks":{"a":0,"k":{"c":true,"i":[[-0.032,-14.119],[14.119,-0.032],[0.032,14.119],[-14.119,0.032]],"o":[[0.032,14.119],[-14.119,0.032],[-0.031,-14.119],[14.12,-0.032]],"v":[[25.565,-0.057],[0.057,25.566],[-25.566,0.058],[-0.058,-25.565]]},"ix":2}},{"ty":"fl","bm":0,"hd":false,"mn":"ADBE Vector Graphic - Fill","nm":"Fill 1","c":{"a":1,"k":[{"o":{"x":0.167,"y":0.167},"i":{"x":0.833,"y":0.833},"s":[0.1647,0.1647,0.1647],"t":0},{"s":[0.1647,0.1647,0.1647],"t":62}]},"r":1,"o":{"a":0,"k":100,"ix":5}},{"ty":"tr","a":{"a":0,"k":[0,0],"ix":1},"s":{"a":1,"k":[{"o":{"x":0.167,"y":0.167},"i":{"x":0.3,"y":1},"s":[0,0],"t":26},{"s":[100,100],"t":51}],"ix":3},"sk":{"a":0,"k":0,"ix":4},"p":{"a":1,"k":[{"o":{"x":0.167,"y":0.167},"i":{"x":0.3,"y":1},"s":[1922.597,2682.031],"t":26,"ti":[0,-65.5],"to":[0,65.5]},{"s":[1922.597,3075.031],"t":51}],"ix":2},"r":{"a":0,"k":0,"ix":6},"sa":{"a":0,"k":0,"ix":5},"o":{"a":0,"k":100,"ix":7}}]},{"ty":"gr","bm":0,"hd":false,"mn":"ADBE Vector Group","nm":"Group 8","ix":8,"cix":2,"np":2,"it":[{"ty":"sh","bm":0,"hd":false,"mn":"ADBE Vector Shape - Group","nm":"Path 1","ix":1,"d":1,"ks":{"a":0,"k":{"c":true,"i":[[-0.039,-17.258],[17.258,-0.038],[0.038,17.258],[-17.259,0.039]],"o":[[0.039,17.258],[-17.259,0.039],[-0.039,-17.259],[17.258,-0.039]],"v":[[31.249,-0.07],[0.07,31.249],[-31.249,0.071],[-0.07,-31.249]]},"ix":2}},{"ty":"fl","bm":0,"hd":false,"mn":"ADBE Vector Graphic - Fill","nm":"Fill 1","c":{"a":1,"k":[{"o":{"x":0.167,"y":0.167},"i":{"x":0.833,"y":0.833},"s":[0.1647,0.1647,0.1647],"t":0},{"s":[0.1647,0.1647,0.1647],"t":62}]},"r":1,"o":{"a":0,"k":100,"ix":5}},{"ty":"tr","a":{"a":0,"k":[0,0],"ix":1},"s":{"a":1,"k":[{"o":{"x":0.167,"y":0.167},"i":{"x":0.3,"y":1},"s":[0,0],"t":21},{"s":[100,100],"t":46}],"ix":3},"sk":{"a":0,"k":0,"ix":4},"p":{"a":1,"k":[{"o":{"x":0.167,"y":0.167},"i":{"x":0.3,"y":1},"s":[1630.677,2877.68],"t":21,"ti":[0,-65.5],"to":[0,65.5]},{"s":[1630.677,3270.68],"t":46}],"ix":2},"r":{"a":0,"k":0,"ix":6},"sa":{"a":0,"k":0,"ix":5},"o":{"a":0,"k":100,"ix":7}}]},{"ty":"gr","bm":0,"hd":false,"mn":"ADBE Vector Group","nm":"Group 9","ix":9,"cix":2,"np":2,"it":[{"ty":"sh","bm":0,"hd":false,"mn":"ADBE Vector Shape - Group","nm":"Path 1","ix":1,"d":1,"ks":{"a":0,"k":{"c":true,"i":[[-0.078,-34.718],[34.718,-0.078],[0.078,34.718],[-34.718,0.078]],"o":[[0.078,34.718],[-34.718,0.078],[-0.078,-34.718],[34.718,-0.078]],"v":[[62.863,-0.142],[0.141,62.862],[-62.863,0.141],[-0.142,-62.863]]},"ix":2}},{"ty":"fl","bm":0,"hd":false,"mn":"ADBE Vector Graphic - Fill","nm":"Fill 1","c":{"a":1,"k":[{"o":{"x":0.167,"y":0.167},"i":{"x":0.833,"y":0.833},"s":[0.2471,0.6941,0.4353],"t":0},{"s":[0.2471,0.6941,0.4353],"t":62}]},"r":1,"o":{"a":0,"k":100,"ix":5}},{"ty":"tr","a":{"a":0,"k":[0,0],"ix":1},"s":{"a":1,"k":[{"o":{"x":0.167,"y":0.167},"i":{"x":0.3,"y":1},"s":[0,0],"t":16},{"s":[100,100],"t":41}],"ix":3},"sk":{"a":0,"k":0,"ix":4},"p":{"a":1,"k":[{"o":{"x":0.167,"y":0.167},"i":{"x":0.3,"y":1},"s":[2064.022,2754.046],"t":16,"ti":[0,-65.5],"to":[0,65.5]},{"s":[2064.022,3147.046],"t":41}],"ix":2},"r":{"a":0,"k":0,"ix":6},"sa":{"a":0,"k":0,"ix":5},"o":{"a":0,"k":100,"ix":7}}]},{"ty":"gr","bm":0,"hd":false,"mn":"ADBE Vector Group","nm":"Group 10","ix":10,"cix":2,"np":2,"it":[{"ty":"sh","bm":0,"hd":false,"mn":"ADBE Vector Shape - Group","nm":"Path 1","ix":1,"d":1,"ks":{"a":0,"k":{"c":true,"i":[[-0.054,-24.157],[24.157,-0.055],[0.055,24.156],[-24.156,0.054]],"o":[[0.054,24.157],[-24.157,0.054],[-0.054,-24.157],[24.157,-0.054]],"v":[[43.74,-0.098],[0.098,43.74],[-43.74,0.098],[-0.099,-43.74]]},"ix":2}},{"ty":"fl","bm":0,"hd":false,"mn":"ADBE Vector Graphic - Fill","nm":"Fill 1","c":{"a":1,"k":[{"o":{"x":0.167,"y":0.167},"i":{"x":0.833,"y":0.833},"s":[0.1647,0.1647,0.1647],"t":0},{"s":[0.1647,0.1647,0.1647],"t":62}]},"r":1,"o":{"a":0,"k":100,"ix":5}},{"ty":"tr","a":{"a":0,"k":[0,0],"ix":1},"s":{"a":1,"k":[{"o":{"x":0.167,"y":0.167},"i":{"x":0.3,"y":1},"s":[0,0],"t":6},{"s":[100,100],"t":31}],"ix":3},"sk":{"a":0,"k":0,"ix":4},"p":{"a":1,"k":[{"o":{"x":0.167,"y":0.167},"i":{"x":0.3,"y":1},"s":[2326.537,2758.01],"t":6,"ti":[0,-23.154],"to":[0,42.346]},{"s":[2326.537,3151.01],"t":31}],"ix":2},"r":{"a":0,"k":0,"ix":6},"sa":{"a":0,"k":0,"ix":5},"o":{"a":0,"k":100,"ix":7}}]},{"ty":"gr","bm":0,"hd":false,"mn":"ADBE Vector Group","nm":"Group 11","ix":11,"cix":2,"np":2,"it":[{"ty":"sh","bm":0,"hd":false,"mn":"ADBE Vector Shape - Group","nm":"Path 1","ix":1,"d":1,"ks":{"a":0,"k":{"c":true,"i":[[-0.104,-46.049],[46.049,-0.103],[0.104,46.049],[-46.05,0.103]],"o":[[0.104,46.049],[-46.05,0.104],[-0.103,-46.049],[46.049,-0.104]],"v":[[83.38,-0.188],[0.188,83.379],[-83.38,0.188],[-0.188,-83.379]]},"ix":2}},{"ty":"fl","bm":0,"hd":false,"mn":"ADBE Vector Graphic - Fill","nm":"Fill 1","c":{"a":1,"k":[{"o":{"x":0.167,"y":0.167},"i":{"x":0.833,"y":0.833},"s":[0.2471,0.6941,0.4353],"t":0},{"s":[0.2471,0.6941,0.4353],"t":62}]},"r":1,"o":{"a":0,"k":100,"ix":5}},{"ty":"tr","a":{"a":0,"k":[0,0],"ix":1},"s":{"a":1,"k":[{"o":{"x":0.167,"y":0.167},"i":{"x":0.3,"y":1},"s":[0,0],"t":11},{"s":[100,100],"t":36}],"ix":3},"sk":{"a":0,"k":0,"ix":4},"p":{"a":1,"k":[{"o":{"x":0.167,"y":0.167},"i":{"x":0.3,"y":1},"s":[2294.234,2597.815],"t":11,"ti":[0,-65.5],"to":[0,65.5]},{"s":[2294.234,2990.815],"t":36}],"ix":2},"r":{"a":0,"k":0,"ix":6},"sa":{"a":0,"k":0,"ix":5},"o":{"a":0,"k":100,"ix":7}}]},{"ty":"gr","bm":0,"hd":false,"mn":"ADBE Vector Group","nm":"Group 12","ix":12,"cix":2,"np":2,"it":[{"ty":"sh","bm":0,"hd":false,"mn":"ADBE Vector Shape - Group","nm":"Path 1","ix":1,"d":1,"ks":{"a":0,"k":{"c":true,"i":[[-0.158,-70.274],[70.274,-0.158],[0.158,70.274],[-70.274,0.158]],"o":[[0.158,70.274],[-70.273,0.158],[-0.158,-70.274],[70.274,-0.158]],"v":[[127.242,-0.286],[0.286,127.242],[-127.242,0.286],[-0.286,-127.242]]},"ix":2}},{"ty":"fl","bm":0,"hd":false,"mn":"ADBE Vector Graphic - Fill","nm":"Fill 1","c":{"a":1,"k":[{"o":{"x":0.167,"y":0.167},"i":{"x":0.833,"y":0.833},"s":[0.2471,0.6941,0.4353],"t":0},{"s":[0.2471,0.6941,0.4353],"t":62}]},"r":1,"o":{"a":0,"k":100,"ix":5}},{"ty":"tr","a":{"a":0,"k":[0,0],"ix":1},"s":{"a":1,"k":[{"o":{"x":0.167,"y":0.167},"i":{"x":0.3,"y":1},"s":[0,0],"t":6},{"s":[100,100],"t":31}],"ix":3},"sk":{"a":0,"k":0,"ix":4},"p":{"a":1,"k":[{"o":{"x":0.167,"y":0.167},"i":{"x":0.3,"y":1},"s":[1860.66,2886.3],"t":6,"ti":[0,-65.5],"to":[0,65.5]},{"s":[1860.66,3279.3],"t":31}],"ix":2},"r":{"a":0,"k":0,"ix":6},"sa":{"a":0,"k":0,"ix":5},"o":{"a":0,"k":100,"ix":7}}]},{"ty":"gr","bm":0,"hd":false,"mn":"ADBE Vector Group","nm":"Group 13","ix":13,"cix":2,"np":3,"it":[{"ty":"sh","bm":0,"hd":false,"mn":"ADBE Vector Shape - Group","nm":"Path 1","ix":1,"d":1,"ks":{"a":0,"k":{"c":false,"i":[[0,0],[-0.107,-47.402],[-0.181,-80.22]],"o":[[0.107,47.403],[0.18,80.221],[0,0]],"v":[[-0.43,-191.435],[-0.111,-49.227],[0.43,191.435]]},"ix":2}},{"ty":"tm","bm":0,"hd":false,"mn":"ADBE Vector Filter - Trim","nm":"Trim Paths 1","ix":2,"e":{"a":1,"k":[{"o":{"x":0.167,"y":0.167},"i":{"x":0.3,"y":1},"s":[0],"t":31},{"s":[100],"t":51}],"ix":2},"o":{"a":0,"k":0,"ix":3},"s":{"a":0,"k":0,"ix":1},"m":1},{"ty":"st","bm":0,"hd":false,"mn":"ADBE Vector Graphic - Stroke","nm":"Stroke 1","lc":2,"lj":2,"ml":1,"o":{"a":0,"k":100,"ix":4},"w":{"a":0,"k":60,"ix":5},"c":{"a":1,"k":[{"o":{"x":0.167,"y":0.167},"i":{"x":0.833,"y":0.833},"s":[0.1647,0.1647,0.1647],"t":0},{"s":[0.1647,0.1647,0.1647],"t":62}]}},{"ty":"tr","a":{"a":0,"k":[0,0],"ix":1},"s":{"a":0,"k":[100,100],"ix":3},"sk":{"a":0,"k":0,"ix":4},"p":{"a":0,"k":[2322.884,1526.268],"ix":2},"r":{"a":0,"k":0,"ix":6},"sa":{"a":0,"k":0,"ix":5},"o":{"a":0,"k":100,"ix":7}}]},{"ty":"gr","bm":0,"hd":false,"mn":"ADBE Vector Group","nm":"Group 14","ix":14,"cix":2,"np":3,"it":[{"ty":"sh","bm":0,"hd":false,"mn":"ADBE Vector Shape - Group","nm":"Path 1","ix":1,"d":1,"ks":{"a":0,"k":{"c":false,"i":[[0,0],[-86.762,-48.747],[-54.199,-78.676],[-12.33,-63.637],[5.94,-80.015]],"o":[[39.378,0.038],[22.227,12.488],[51.205,74.329],[9.627,49.683],[0,0]],"v":[[-222.417,-294.865],[-14.45,-240.636],[128.054,-109.687],[205.095,97.985],[216.477,294.865]]},"ix":2}},{"ty":"tm","bm":0,"hd":false,"mn":"ADBE Vector Filter - Trim","nm":"Trim Paths 1","ix":2,"e":{"a":1,"k":[{"o":{"x":0.167,"y":0.167},"i":{"x":0.3,"y":1},"s":[0],"t":26},{"s":[100],"t":56}],"ix":2},"o":{"a":0,"k":0,"ix":3},"s":{"a":0,"k":0,"ix":1},"m":1},{"ty":"st","bm":0,"hd":false,"mn":"ADBE Vector Graphic - Stroke","nm":"Stroke 1","lc":2,"lj":2,"ml":1,"o":{"a":0,"k":100,"ix":4},"w":{"a":0,"k":60,"ix":5},"c":{"a":1,"k":[{"o":{"x":0.167,"y":0.167},"i":{"x":0.833,"y":0.833},"s":[0.1647,0.1647,0.1647],"t":0},{"s":[0.1647,0.1647,0.1647],"t":62}]}},{"ty":"tr","a":{"a":0,"k":[0,0],"ix":1},"s":{"a":0,"k":[100,100],"ix":3},"sk":{"a":0,"k":0,"ix":4},"p":{"a":0,"k":[2105.509,832.123],"ix":2},"r":{"a":0,"k":0,"ix":6},"sa":{"a":0,"k":0,"ix":5},"o":{"a":0,"k":100,"ix":7}}]},{"ty":"gr","bm":0,"hd":false,"mn":"ADBE Vector Group","nm":"Group 15","ix":15,"cix":2,"np":3,"it":[{"ty":"sh","bm":0,"hd":false,"mn":"ADBE Vector Shape - Group","nm":"Path 1","ix":1,"d":1,"ks":{"a":0,"k":{"c":false,"i":[[0,0],[0,0]],"o":[[0,0],[0,0]],"v":[[-570.114,1.281],[570.115,-1.281]]},"ix":2}},{"ty":"tm","bm":0,"hd":false,"mn":"ADBE Vector Filter - Trim","nm":"Trim Paths 1","ix":2,"e":{"a":1,"k":[{"o":{"x":0.167,"y":0.167},"i":{"x":0.3,"y":1},"s":[0],"t":7},{"s":[100],"t":27}],"ix":2},"o":{"a":0,"k":0,"ix":3},"s":{"a":0,"k":0,"ix":1},"m":1},{"ty":"st","bm":0,"hd":false,"mn":"ADBE Vector Graphic - Stroke","nm":"Stroke 1","lc":2,"lj":2,"ml":1,"o":{"a":0,"k":100,"ix":4},"w":{"a":0,"k":60,"ix":5},"c":{"a":1,"k":[{"o":{"x":0.167,"y":0.167},"i":{"x":0.833,"y":0.833},"s":[0.1647,0.1647,0.1647],"t":0},{"s":[0.1647,0.1647,0.1647],"t":62}]}},{"ty":"tr","a":{"a":0,"k":[0,0],"ix":1},"s":{"a":0,"k":[100,100],"ix":3},"sk":{"a":0,"k":0,"ix":4},"p":{"a":0,"k":[1920,1920],"ix":2},"r":{"a":0,"k":0,"ix":6},"sa":{"a":0,"k":0,"ix":5},"o":{"a":0,"k":100,"ix":7}}]},{"ty":"gr","bm":0,"hd":false,"mn":"ADBE Vector Group","nm":"Group 16","ix":16,"cix":2,"np":3,"it":[{"ty":"sh","bm":0,"hd":false,"mn":"ADBE Vector Shape - Group","nm":"Path 1","ix":1,"d":1,"ks":{"a":0,"k":{"c":true,"i":[[313.563,-0.705],[0,0],[0.705,313.563],[0,0],[-313.563,0.705],[0,0],[-0.705,-313.563],[0,0]],"o":[[0,0],[-313.563,0.705],[0,0],[-0.705,-313.562],[0,0],[313.562,-0.705],[0,0],[0.705,313.563]],"v":[[3.598,1599.998],[3.597,1599.998],[-567.799,1031.166],[-572.429,-1028.604],[-3.597,-1599.999],[-3.596,-1599.999],[567.799,-1031.167],[572.429,1028.602]]},"ix":2}},{"ty":"tm","bm":0,"hd":false,"mn":"ADBE Vector Filter - Trim","nm":"Trim Paths 1","ix":2,"e":{"a":1,"k":[{"o":{"x":0.167,"y":0.167},"i":{"x":0.3,"y":1},"s":[0],"t":1},{"s":[100],"t":51}],"ix":2},"o":{"a":1,"k":[{"o":{"x":0.167,"y":0.167},"i":{"x":0.3,"y":1},"s":[0],"t":1},{"s":[90],"t":51}],"ix":3},"s":{"a":0,"k":0,"ix":1},"m":1},{"ty":"st","bm":0,"hd":false,"mn":"ADBE Vector Graphic - Stroke","nm":"Stroke 1","lc":2,"lj":2,"ml":1,"o":{"a":0,"k":100,"ix":4},"w":{"a":0,"k":60,"ix":5},"c":{"a":1,"k":[{"o":{"x":0.167,"y":0.167},"i":{"x":0.833,"y":0.833},"s":[0.1647,0.1647,0.1647],"t":0},{"s":[0.1647,0.1647,0.1647],"t":62}]}},{"ty":"tr","a":{"a":0,"k":[0,0],"ix":1},"s":{"a":0,"k":[100,100],"ix":3},"sk":{"a":0,"k":0,"ix":4},"p":{"a":0,"k":[1920,1920],"ix":2},"r":{"a":0,"k":0,"ix":6},"sa":{"a":0,"k":0,"ix":5},"o":{"a":0,"k":100,"ix":7}}]},{"ty":"gr","bm":0,"hd":false,"mn":"ADBE Vector Group","nm":"Group 17","ix":17,"cix":2,"np":2,"it":[{"ty":"sh","bm":0,"hd":false,"mn":"ADBE Vector Shape - Group","nm":"Path 1","ix":1,"d":1,"ks":{"a":0,"k":{"c":true,"i":[[187.784,-0.422],[5.828,125.14],[-3.022,171.581],[-19.275,57.005],[-26.229,24.65],[-132.649,24.917],[-16.941,-15.296],[-17.388,-48.181],[-1.08,-233.566],[-0.476,-139.911],[-2.463,-65.833],[144.786,-0.325]],"o":[[6.392,-267.319],[-2.604,-55.901],[1.89,-107.349],[37.061,-109.608],[31.381,-29.492],[229.452,-43.103],[90.157,81.4],[23.31,64.595],[0.896,193.641],[0.425,124.695],[-144.787,0.325],[-187.785,0.423]],"v":[[-495.587,738.044],[-499.521,158.902],[-497.594,-154.37],[-474.368,-362.39],[-341.474,-563.588],[-93.403,-694.941],[325.44,-572.155],[468.097,-348.714],[497.835,-1.29],[496.204,443.606],[502.125,735.801],[67.766,736.777]]},"ix":2}},{"ty":"fl","bm":0,"hd":false,"mn":"ADBE Vector Graphic - Fill","nm":"Fill 1","c":{"a":1,"k":[{"o":{"x":0.167,"y":0.167},"i":{"x":0.833,"y":0.833},"s":[0.2471,0.6941,0.4353],"t":0},{"s":[0.2471,0.6941,0.4353],"t":62}]},"r":1,"o":{"a":0,"k":100,"ix":5}},{"ty":"tr","a":{"a":0,"k":[-24,-568],"ix":1},"s":{"a":1,"k":[{"o":{"x":0.167,"y":0.167},"i":{"x":0.3,"y":1},"s":[0,0],"t":1},{"s":[100,100],"t":31}],"ix":3},"sk":{"a":0,"k":0,"ix":4},"p":{"a":0,"k":[1896.335,533.744],"ix":2},"r":{"a":0,"k":0,"ix":6},"sa":{"a":0,"k":0,"ix":5},"o":{"a":0,"k":100,"ix":7}}]}],"ind":1}]}]}